Интерфакс,2492
ТАСС,1821
Коммерсантъ,895
Meduza,862
РИА Новости,780
РБК,692
Yahoo News,633
Ведомости,538
Reuters,405
BBC News,353
The Guardian,277
СК РФ,220
The New York Times,217
CNN,159
Bloomberg,146
Банк России,146
Московская биржа,130
Медиазона,123
Интерфакс-Украина,113
Associated Press,108
УНИАН,104
Навальный,102
РАПСИ,97
The Wall Street Journal,94
112 Украина,85
Forbes,85
Фонтанка.ру,84
Президент России,81
Украинская правда,80
Sports.ru,80
Агентство «Москва»,76
Дождь,74
Правительство РФ,71
The Washington Post,70
Deutsche Welle,65
Известия,64
Новая газета,63
The Daily Telegraph,63
Госдума РФ,63
Оф правовой портал,61
МИД РФ,60
ABC,56
Говорит Москва,54
ОВД-Инфо,54
РСН,52
The Financial Times,52
Президент Украины,52
Sky News,51
NBC News,48
Le Figaro,47
Р-Спорт,45
Газета.ру,45
Fox News,43
Facebook,39
ICE Futures,39
Twitter,38
NASA,38
Эхо Москвы,37
TJournal,37
AFP,37
The Daily Mail,36
Российская газета,35
The Independent,34
Роскомнадзор,33
Hurriyet Daily News,31
Открытая Россия,31
Правительство России,31
Слон,30
Россия 24,29
The Verge,29
Росбалт,29
Рамзан Кадыров,29
Московский комсомолец,28
Вести,28
УНН,25
Спорт-Экспресс,25
CBS,25
Українські Новини,25
The Hollywood Reporter,24
ЛIГАБiзнесIнформ,24
Le Monde,24
Yonhap,23
M24.ru,21
Синьхуа,21
Интерфакс-АВН,21
N+1,20
Россельхознадзор,20
МВД России,20
Buzzfeed,19
Радио Свобода,19
USA Today,19
Variety,19
Der Spiegel,18
Die Welt,18
Delfi (Литва),18
УЕФА,18
Илья Яшин,17
Тайга.инфо,17
ФИФА,17
Аль-Арабия,17
Генпрокуратура Украины,17
The Times,17
Верховная Рада Украины,17
The Jerusalem Post,16
Кавказский узел,16
Business Insider,15
Instagram,15
Марк Фейгин,15
НТВ,14
Daily Sabah,14
The Los Angeles Times,14
Госдепартамент США,14
Delfi,14
Bild,14
Роскосмос,13
YLE News,13
СБУ,13
Корреспондент.net,13
France 24,13
Haaretz,13
ОБСЕ,13
Мемориал,13
The Local (Франция),13
RT,12
БЕЛТА,12
El Pais,12
Роскомсвобода,12
Goal.com,12
Комсомольская правда,12
СПЧ при президенте РФ,12
Русская служба «Би-би-си»,12
YouTube,12
Госдума России,12
Укринформ,12
Znak.com,12
NHL,12
The Local (Германия),11
BFMTV,11
Роспотребнадзор,11
ТСН,11
Сегодня.ua,11
News.am,11
Минобороны РФ,11
Deadline,11
Trend,11
Йод,11
Time,11
Lifenews,11
Amnesty International,10
ГУ МВД по Москве,10
Генпрокуратура РФ,10
ARMENIA Today,10
The Daily Star,10
Правительство Украины,10
Правительство Чеченской республики,10
Le Parisien,10
CNBC,10
Белый Дом,10
TUT.BY,10
ПРАЙМ,10
Le Point,10
Громадське ТВ,9
Tengri News,9
Росстат,9
MarketWatch,9
Европарламент,9
VC,9
Change.org,9
НАТО,9
Еврокомиссия,9
МЧС России,9
The Daily Mirror,9
Федеральная антимонопольная служба,9
Кира Ярмыш,9
ФАС,9
The Local (Швеция),8
Бумага,8
Quartz,8
Диссернет,8
Postimees,8
Михаил Ходорковский,8
La Derniere Heure,8
Министерство финансов США,8
Первый канал,8
The Next Web,8
Vox,8
Роман Рубанов,8
Межгосударственный авиационный комитет,8
The Local (Италия),8
NBC,7
Марк Цукерберг,7
Australian Open,7
КПРФ,7
Standaard,7
Channel NewsAsia,7
The Huffington Post,7
ERR,7
Fortune,7
Нобелевский комитет,7
Rolling Stone,7
МИД Украины,7
CBC,7
ESPN,7
Сноб,7
Артем Лоскутов,7
Русская планета,7
VL.ru,7
Петр Порошенко,7
Чита.Ру,7
Аль-Джазира,7
Грани.ру,7
Polskie Radio,7
Роснефть,7
Сбербанк,7
РБК-Украина,7
Haberturk,7
Radio Free Europe/Radio Liberty,7
Europe 1,7
Colta,7
The Village,7
Аэрофлот,6
Комитет против пыток,6
Георгий Албуров,6
МВД Украины,6
The Associated Press,6
Министерство культуры РФ,6
Ynetnews,6
The Washington Free Beacon,6
Human Rights Watch,6
Цукерберг позвонит,6
Арсен Аваков,6
ESA,6
Новый Калининград,6
ВКонтакте,6
Леонид Волков,6
MixNews,6
Грузия Online,6
Золотая маска,6
Крыминформ,6
Матч ТВ,6
Югополис,6
Sueddeutsche Zeitung,6
Wired,6
SANA,6
Планета,6
РЕН ТВ,6
Российский футбольный союз,6
Вадим Кобзев,6
Право.ру,6
Советский спорт,6
Татар-информ,6
Billboard,6
Bellingcat,6
Елена Климова,6
Space.com,6
Яблоко,6
TODAY’S ZAMAN,6
Оскар,6
European Space Agency,6
Министерство юстиции США,6
Яндекс,5
Кавполит,5
Сиб.фм,5
Apple Online Store,5
Чемпионат.com,5
Formula 1,5
Daily Express,5
The Sunday Times,5
Дмитрий Гудков,5
Николай Полозов,5
BFM,5
Московский патриархат,5
БелаПАН,5
Transparency International,5
Ростуризм,5
РКН,5
Столица на Онего,5
La Repubblica,5
Вооруженные силы Латвии,5
Facebook Newsroom,5
Orlando Sentinel,5
Сергей Пархоменко,5
RTL,5
OCCRP,5
Hurriyet,5
Псковская лента новостей,5
FreeNews-Volga,5
Panarmenian,5
Минобороны Украины,5
Прокуратура Санкт-Петербурга,5
Sotheby’s,5
Совет национальной безопасности и обороны Украины,5
Boston Globe,5
Донецкое агентство новостей,5
ТВ2,5
Entertainment Weekly,5
Google,5
Мэрия Москвы,5
Pitchfork,5
Stratfor,5
Екатеринбург онлайн,5
Anadolu,5
Berlinale,5
Новости Армения,5
9to5mac,5
The Oscars,4
Gawker,4
Le Soir,4
Министерство экономического развития РФ,4
New York Daily News,4
Прокуратура Краснодарского края,4
Афиша-Город,4
Министерство юстиции РФ,4
The Man Booker Prize,4
360° Подмосковье,4
Politico,4
Россия — Культура,4
ANSA,4
Foreign Policy,4
Елена Гремина,4
Алексей Венедиктов,4
Крым.Реалии,4
Gulfnews,4
Парнас,4
Луганский информационный центр,4
9News,4
Блог Яндекса,4
66.ru,4
The Local (Дания),4
Newsweek,4
Радио Польша,4
SITE,4
Павел Астахов,4
Дмитрий Рогозин,4
Voice of America,4
Golden Globe Awards,4
Всемирный банк,4
NewsMaker,4
Интерпол,4
Шалтай-Болтай,4
Госпогранслужба Украины,4
НГС.НОВОСТИ,4
Иван Жданов,4
Delfi (Эстония),4
The Economist,4
Всемирная организация здравоохранения,4
Эдуард Лимонов,4
Департамент транспорта Москвы,4
ФК «Спартак» (Москва),4
Российское военно-историческое общество,4
Techcrunch,4
Frankfurter Allgemeine,4
Илон Маск,4
Следственное управление СК РФ по Новосибирской области,4
Серебряный Дождь,4
Solar Impulse,4
Святослав Цеголко,4
ООН,4
АТОР,4
Euronews,3
Sputnik,3
WhatsApp,3
ПАСЕ,3
The Baltimore Sun,3
Амур.Инфо,3
СКА,3
World Press Photo,3
Эхо Москвы в Перми,3
Голос,3
Федеральная служба безопасности России,3
Континентальная хоккейная лига,3
,3
Иван Павлов,3
UK Government and Parliament,3
EUobserver,3
Министерство обороны США,3
Совет Европы,3
Следственный комитет РФ,3
La Stampa,3
Любовь Соболь,3
ЦБ РФ,3
ИА «Хакасия»,3
ГТРК «Грозный»,3
B92,3
France TV,3
South China Morning Post,3
BAFTA,3
Прокуратура Москвы,3
«Интер»,3
Vanity Fair,3
Хартия’97,3
KUBANA,3
Антимайдан,3
Nur.kz,3
StraitsTimes,3
Nature,3
Версия-Саратов,3
Евгений Фельдман,3
Gazeta Wyborcza,3
Евросоюз,3
Vice,3
БалтИнфо,3
Левый берег,3
Brisbane Times,3
Левада-центр,3
Валерий Рашкин,3
Единая Россия,3
TorrentFreak,3
Прокуратура Киева,3
Focus,3
Новости-Казахстан,3
Борис Гребенщиков,3
China Daily,3
Апостроф,3
Независимая газета,3
Chelsea FC,3
Vesti.ru,3
Sky Sports,3
Портал госзакупок,3
Павел Дуров,3
«Азия-Плюс»,3
Dawn,3
5 канал,3
meduza.io,3
Укрэнерго,3
Gizmodo,3
tass.ru,3
Минкомсвязь России,3
CNET,3
UPI,3
Белорусский партизан,3
The Japan Times,3
Международный олимпийский комитет,3
Christie’s,3
People,3
The New York Post,3
Om1.ru,3
Тина Канделаки,3
Day.Az,3
Roland Garros,3
Первый Тульский,3
MSNBC,3
Svenska Dagbladet,3
Гарант,3
ЦСКА,3
Европейский суд по правам человека,3
Сергей Митрохин,3
Международный союз биатлонистов,3
Pakistan Today,3
Общество защиты прав потребителей,3
Правительство Великобритании,3
Псковское агентство информации,3
Epress.am,3
СОВА,3
Шведское радио,3
Черновик,3
Александр Сидякин,3
Дмитрий Крайнев,3
Василий Уткин,3
RTBF,3
Невские новости,3
Mashable,3
Манчестер Юнайтед,3
DonDay.ru,3
NDTV,3
Tasnim,3
The Intercept,3
Служба безопасности Украины,3
Центр журналистских расследований,3
Уполномоченный по правам человека в РФ,3
Freedom House,3
RFI,3
Эхо Москвы в Санкт-Петербурге,3
CNews,3
РЖД,3
РАЭК,3
Moody’s,3
Образовач,3
Ура.ру,3
Aftenposten,3
УралИнформБюро,3
Flightradar24,2
Забмедиа,2
Point.md,2
Mail.Ru,2
Businessweek,2
Альфред Кох,2
КП в Украине,2
TVN24,2
The Star,2
Радио Балтика,2
Наталья Синдеева,2
nos.nl,2
The Local (Швейцария),2
AirLive.net,2
VG,2
ФК «Барселона»,2
Зоя Светова,2
Новосибирская митрополия,2
Партия прогресса,2
V1.ru,2
АФК «Система»,2
WTA,2
NTV,2
Рособрнадзор,2
МВФ,2
Борис Вишневский,2
Авиатранспортное обозрение,2
Ливерпуль,2
Syrian Observatory for Human Rights,2
Times of India,2
The Asahi Shimbun,2
Midi Libre,2
7x7-journal.ru,2
belgorod.sledcom.ru,2
Новости Перми,2
Администрация Кемеровской области,2
Мария Баронова,2
Национальный банк Белоруссии,2
International Business Times,2
The Nation,2
Ватикан,2
MIcrosoft,2
TVP.Info,2
Washington Times,2
Фонд «Династия»,2
Союз театральных деятелей,2
DELFI,2
ФК «Динамо»,2
The Sun,2
Helsingin Sanomat,2
U.S.News,2
Newsday,2
CA-News,2
US Open,2
Mediafax,2
Международная федерация тяжелой атлетики,2
ВВС США,2
Оборона Левобережного,2
Mozilla,2
Europe Online Magazine,2
Ромир,2
Пермь-36,2
Комитет «Гражданское содействие»,2
Сергей Панченко,2
Conflict Intelligence Team,2
ВМС Италии,2
Vijesti,2
Минюст России,2
Кубань 24,2
El Mundo,2
www.apple.com,2
Интерфакс — Религия,2
Die Zeit,2
Открытая Лекция,2
Sydney Morning Herald,2
Следственное управления СК РФ по Новосибирской области,2
Судебный департамент при Верховном суде РФ,2
Kickstarter,2
TMZ,2
Kyodo,2
Следственный комитет по Оренбургской области,2
RTCG,2
ktla5,2
Al Ahram,2
Николай Ляскин,2
Прокуратура Челябинской области,2
Danone,2
Reporters Without Borders,2
Юрий Стець,2
Iceland Monitor,2
Банки.ру,2
Аль-Манар,2
Голос Америки,2
ГТРК «Омск»,2
Президент Казахстана,2
Metro (Франция),2
New Strait Times,2
NOAA,2
WPXI Pittsburgh,2
Михаил Угаров,2
ITV,2
Россия-2018,2
Эдгар Ринкевич,2
GlobalPost,2
Роспечать,2
Министерство финансов РФ,2
Бессмертный полк,2
Marvel,2
Лев Шлосберг,2
Счетная палата,2
antizapret.info,2
RNS,2
Всемирный экономический форум,2
Global News,2
Английская премьер-лига,2
Manchester Evening News,2
Heritage Foundation,2
Пресс-центр АТО,2
Премьер-министр Канады,2
Рустем Адагамов,2
Boston.com,2
Конгресс США,2
Роснано,2
ГТРК «Новосибирск»,2
ФК «Зенит»,2
NL Times,2
Большая книга,2
Телеканал новостей «24»,2
panamapapers.icij.org,2
«Справедливая Россия»,2
Deschide,2
Handelsblatt,2
Европейское космическое агентство,2
NBA,2
Фонд «Право матери»,2
AdIndex,2
20 Minutes,2
Правительство Севастополя,2
The Bangkok Post,2
КХЛ,2
St. Louis Post-Dispatch,2
Закарпатская областная госадминистрация,2
Тверское информационное агентство,2
Microsoft,2
NPR,2
El Periodico,2
Corriere della Sera,2
Санкэй,2
Совет Федерации,2
Gallup,2
Il Messaggero,2
Константин Янкаускас,2
59.ru,2
Посольство США в России,2
thewaltdisneycompany.com,2
Павел Чиков,2
Общественная палата РФ,2
Управление Роспотребнадзора по Москве,2
Министерство по развитию Дальнего Востока,2
Iceland Magazine,2
Гильдия неигрового кино и телевидения,2
IATA,2
Вечерняя Москва,2
ГУ МВД России по Иркутской области,2
Eurosport,2
Управление МЧС по Ростовской области,2
АвтоВАЗ,2
Бизнес Online,2
Enikos.gr,2
Дмитрий Медведев,2
ВМС США,2
Восток-Медиа,2
The Star Online,2
MoscowTimes,2
NME,2
Барак Обама,2
Управление СК РФ по Свердловской области,2
The Korea Times,2
Анна Велликок,2
ЦИК РФ,2
Sportbox,2
Белорусские новости,2
Конституционный суд РФ,2
Arizona Daily Star,2
Brit Awards,2
EgyptAir,2
Европейская киноакадемия,2
Pearson,2
ВЦИОМ,2
The Local (Испания),2
Александр Плющев,2
DutchNews,2
The New York Magazine,2
LSM.LV,2
Официальный портал республики Коми,2
Росавиация,2
ЯНДЕКС,2
Liberation,2
Expressen,2
Росстандарт,2
Министерство экономического развития Украины,2
Афиша-Воздух,2
МВД Татарстана,2
Новости прокуратуры РФ,2
Национальное бюро кредитных историй,2
NRC Handelsblad,2
Илья Новиков,2
Омскинформ,2
The New Times,2
Международная федерация хоккея,2
Radio Praha,2
DPA,2
George Lobushkin,2
RTL News,2
Derniere Heure,2
Publika.md,2
Федерация хоккея России,2
Казанский правозащитный центр,2
As,2
Pew Research Center,2
Сергей Бадамшин,2
Телеканал «Звезда»,2
РИА «Оренбуржье»,2
ТВЦ,2
СК РФ по Курской области,2
Центральный военно-морской портал,2
Информационные войска Украины,2
Настоящее время,2
www.acdc.com,2
Сергей Миронов,2
Омбудсмен Чечни,2
Apple Store в России,2
МИД Турции,2
La Libre,2
Fars,2
Правительство Крыма,2
Ouest France,2
Кашин,2
Лайф,2
Правительство Канады,2
Такие дела,2
Федеральный совет Швейцарии,2
Оксана Шалыгина,2
Samsung,2
Официальный сайт Елены Мизулиной,2
The Denver Post,2
The Daily Dot,2
Премьер-министр Израиля,2
Rzeczpospolita,2
Пресс-центр ДНР,2
Министерство культуры Украины,2
Consequence of Sound,2
Ярновости,2
УралПолит.ру,2
Мотор,2
Milliyet,2
ЕСПЧ,2
The Art Newspaper,2
Нацбанк Украины,2
The New Zealand Herald,2
Rambler&Co,2
Кирилл Серебренников,2
Михаил Саакашвили,2
RuTracker,2
The Times of India,2
АСВ,2
Zee News,2
Кюлле Писпанен,2
Varlamov.ru,2
Times Higher Education,2
Госавтоинспекция МВД России,2
Белый дом,2
Мустафа Найем,2
Новый регион,2
Москва-24,2
Информационный отдел РПЦ,2
«Каспаров.ру»,2
Белгородская митрополия РПЦ,1
Mundo Deportivo,1
Всероссийская федерация волейбола,1
Свободная пресса,1
eagles.com,1
Los Angeles Register,1
Информатор,1
Урал-пресс-информ,1
Прожито,1
Хабрахабр,1
Закон и порядок в России,1
www.intefax.ru,1
Дмитрий Утукин,1
Trib Live,1
Елизавета Сурначева,1
Портал мэрии Москвы,1
ArtDaily,1
AsiaOne,1
Алексей Вишня,1
Аргументы и факты,1
www.grammy.com,1
The Fourth Period,1
Оксана Соколовская,1
Деливери,1
Алексей Шляпужников,1
Партия регионов,1
Brutto,1
Лема Гудаев,1
Dutch Safety Board,1
Kotaku,1
УМВД по Кемеровской области,1
Алтайский государственный университет,1
La Presse,1
Pro Город Йошкар-Ола,1
Андрей Коновал,1
kiev.pravda.com.ua,1
Unicode,1
Правовой интернет-портал Белоруссии,1
Федерация автомобилистов России,1
Мария Гайдар,1
Валерий Федоров,1
L’Equipe,1
Мосэкомониторинг,1
Федерация футбола Украины,1
Каспаров.ру,1
Le Nouvel Observateur,1
New Scientist,1
www.sakhalinprokur.ru,1
Starbucks,1
Прокуратура Чеченской республики,1
www.interfax.ru,1
Uzbekistan Airways,1
Театр на Покровке,1
WADA,1
Markian Lubkivskyi,1
Укрнафта,1
Jurnal.md,1
Фонд помощи хосписам «Вера»,1
Оперативно-аналитический центр при президенте Белоруссии,1
PCWorld,1
Прокуратура Новосибирской области,1
Типичный Саратов,1
Прокуратура Мурманской области,1
Фонд кино,1
Space Daily,1
LETA,1
MagadanMedia,1
Солидарность,1
Maritimedanmark.dk,1
Kamil Hismatullin,1
bTV,1
DVhab.ru,1
www.itftennis.com,1
Geo News,1
Glastonbury,1
Городской совет Киева,1
Дарья Кружкова,1
Официальный сайт Дениса Бойцова,1
Marist Institute for Public Opinion,1
Группа защитников парка «Торфянка»,1
Урал 56,1
Алексей Шапошников,1
Ольга Баталина,1
Eurogamer,1
ГТРК «Кубань»,1
ГТРК Смоленск,1
ESPN футбол,1
Полиция Нидерландов,1
www.digitaljournal.com,1
Минпромторг РФ,1
www.redbullracing.com,1
Федеральная миграционная служба,1
Управление МЧС по Красноярскому краю,1
69 News,1
Управление МЧС России по Хакасии,1
L’Echo,1
Артгид,1
Федеральная таможенная служба,1
Nord Eclair,1
Росмолодежь,1
Albany Times Union,1
Надежда Савченко,1
Йошкар-Ола,1
Fitch,1
The Players’ Trubine,1
Ultimate General,1
Альтернативная газета,1
Новый век,1
Saudi Press Agency,1
www.prokurat-so.ru,1
ОИЯИ,1
hockey2016.rsport.ru,1
ОмскЗдесь,1
Credit Suisse,1
staging.hosted.ap.org,1
United Launch Alliance,1
Alphabet,1
ЮграPRO,1
Прокуратура Брянской области,1
РуГрад,1
ARD,1
Мосводоканал,1
allsportinfo.ru,1
La Liga,1
La Dépêche du Midi,1
KEYT 3,1
Земфира,1
YouTube Blog,1
Prague Post,1
Александр Хинштейн,1
Banksy,1
Следственное управление СК России по Красноярскому краю,1
volgograd.sledcom.ru,1
CBS Sacramento,1
СТС Media,1
Engadget,1
Прокуратура Дагестана,1
Блок Петра Порошенко,1
www.gov.uk,1
Прокуратура Самарской области,1
Мишель Обама,1
Intel,1
Circa,1
Следственное управление СК РФ по Ростовской области,1
Ричард Столлман,1
Максим Ксензов,1
Hungary Today,1
int.hromadske.tv,1
The Register,1
Михаил Козырев,1
PRWeek,1
Fox 5,1
Фейсбук Маркияна Лубковского,1
www.kinosoyuz.com,1
Национальная администрация по океану и атмосфере США,1
Департамент информационных технологий Москвы,1
Al Jazeera America,1
Space News,1
Roshen,1
Мосгортранс,1
Порт Амур,1
Станислав Козловский,1
Инновация,1
www.trthaber.com,1
Euromoney,1
Президент Литвы,1
Eni,1
15 Минут,1
Дональд Трамп,1
Министерство по делам Северного Кавказа,1
www.macrumors.com,1
grozmer.ru,1
Город (Братск),1
iSight Partners,1
Brand New,1
Гражданская платформа,1
АмурПРЕСС,1
Следственное управление СК РФ по Самарской области,1
Baltcom,1
МВД Республики Марий Эл,1
Культурная инициатива,1
Общество научных работников,1
RMF24,1
ЛНР,1
Katya Kermlin,1
Министерство иностранных дел Польши,1
Отдел расследований ФБК,1
LeakedSource,1
РИА Новости Украина,1
Спортивный арбитражный суд,1
Правительство Саратовской области,1
Brand Finance,1
Richard Conway,1
Playstation,1
Репортеры без границ,1
«Защитники Тёплого Стана»,1
Air Transport World,1
Челси,1
Александр Семин,1
Chess-News,1
ФК «Лестер Сити»,1
Минтранс,1
Катрин Ненашева,1
Футбол,1
Moneyweb,1
Jujubee,1
apollo.tvnet.lv,1
Комитет гражданских инициатив,1
Студенческий портал Физтеха,1
Роман Сульжик,1
rostov.sledcom.ru,1
Le Journal du Dimanche,1
Законодательное собрание Севастополя,1
Тоня Самсонова,1
SciFied,1
Global Slavery Index,1
Музей истории ГУЛАГа,1
Завтра,1
YvesRocherRussia,1
Ig Nobel Prize,1
Прокуратура Иркутской области,1
ATOMS & VOID,1
Вести (Украина),1
«Аэрофлот»,1
Политический клуб ВШЭ,1
Управление Следственного комитета по республике Коми,1
Президент Южной Осетии,1
Patently Apple,1
МВД по Чеченской республике,1
style.rbc.ru,1
7 канал,1
МЧС РФ,1
«Связной банк»,1
Анатолий Сулейманов,1
Дарья Пещикова,1
Росузник,1
Oxfam,1
Fragile States Index,1
Законодательное собрание Приморского края,1
Национальное собрание Франции,1
Джон Кей,1
«Наша Нива»,1
Бюро по расследованию и анализу безопасности гражданской авиации,1
Секрет фирмы,1
«Сент-Луис Блюз»,1
NNSA,1
hosted.ap.org,1
NRK,1
Алексей Кудрин,1
Подробности.ua,1
Thomson Reuters Foundation News,1
www.abc.es,1
Центральное командование США,1
CBS Sports,1
Виталий Буланенков,1
Knight Frank,1
Progorod11.ru,1
Мотоклуб «Ночные волки»,1
Москомархитектура,1
МХТ имени Чехова,1
Кристофер Миллер,1
ECIPE,1
Митя Алешковский,1
Национальный бестселлер,1
Vienna Online,1
Александр Черных,1
The Oregonian,1
bg.ru,1
Group-IB,1
perm.sledcom.ru,1
Александр Добровинский,1
Nieman Lab,1
The Courier Mail,1
espreso.tv,1
Washington Examiner,1
Андрей Корляков,1
Объединенный комитет начальников штабов,1
Radio Gdansk,1
www.c-span.org,1
Политпросвет,1
RATA-news,1
Правительство Рязанской области,1
Профсоюз журналистов,1
Крымская полевая миссия по правам человека,1
The Daily Beast,1
Высший комитет по переговорам сирийской оппозиции,1
Экспертный центр электронного государства,1
Русский Букер,1
ZDF,1
news.church.ua,1
Frontex,1
Маленькая Сызрань,1
СК РФ по Ставропольскому краю,1
Совэкон,1
El Diario,1
Новосибирский театр оперы и балета,1
Меджлис крымскотатарского народа,1
Елена Милашина,1
Международный трибунал по бывшей Югославии,1
Джон Коньерс,1
prokuratura.ivanovo.ru,1
Следственное управление СК РФ по Республике Саха (Якутия),1
Одесский кризисный центр,1
Звезда,1
Высшая аттестационная комиссия,1
Городской совет Новоград-Волынского,1
Polygon,1
Российские автомобильные дилеры,1
Наталья Поклонская,1
felshtinsky.livejournal.com,1
Николай Дуров,1
«Национальный бестселлер»,1
moex.com,1
Вячеслав Егоров,1
Прокуратура Черниговской области,1
Мосгорсуд,1
Андрей Кураев,1
Другая Россия,1
Права человека в России,1
Президент Грузии,1
CBSNLive,1
Управление МВД России по Самарской области,1
Прокуратура Ямало-Ненецкого АО,1
Vulture,1
Фергана,1
BGNNews,1
gbtimes,1
english.astroawani.com,1
weather.com,1
Spaceflight Now,1
ZDNet,1
РФПЛ,1
Главплакат,1
Громадьске радио,1
L’Express,1
Посольство Украины в США,1
Всеволод Чаплин,1
ArtLyst,1
The Tribune,1
Star Wars,1
Волгоград NEWS,1
Privet Rostov,1
Антон Логвинов,1
Оксфордский словарь,1
ФК «Динамо» (Минск),1
Интернет-портал таджикской оппозиции,1
Motorhead,1
geektimes.ru,1
Правительство Швейцарии,1
Управление делами президента РФ,1
Harper’s,1
Hindustan Times,1
Newsweek Pakistan,1
Курьер,1
Лестер,1
Правительство Ростовской области,1
The Insider,1
Театр имени Владимира Маяковского,1
Партия «Родина»,1
Борис Акунин,1
Россия 1,1
Госслужба спецсвязи и защиты информации Украины,1
Профиль,1
Properm.ru,1
ХК «Спартак»,1
Международный союз конькобежцев,1
Владимир Маркин,1
Trend Micro,1
Согаз,1
Международный союз теоретической и прикладной химии,1
www.nbcphiladelphia.com,1
Город Киров,1
Варя Горностаева,1
ГУ ФСИН РФ по Челябинской области,1
ГП «Дворец спорта»,1
Вадим Прохоров,1
РКК «Энергия»,1
Рубин,1
«Реальное время»,1
Vatican Radio,1
www.newizv.ru,1
Открытый список,1
Всемирная торговая организация,1
Europa Press,1
Nova TV,1
www.merkur.de,1
Gazzetta dello Sport,1
Windows blog,1
bdnews24.com,1
Узбекистон хаво йуллари,1
Planetary Society,1
Daily News Egypt,1
Dagong,1
Избирком Калининградской области,1
Олег Ляшко,1
Городской телеграф,1
Мелани Бачина,1
Министерство образования и науки РФ,1
Сайт города Мариуполя,1
Hello!,1
Василий Вайсенберг,1
Джордж Р.Р. Мартин,1
Максим Кононенко,1
greece.greekreporter.com,1
Елена Панфилова,1
76.ru,1
Tverigrad,1
Чемпионат мира по водным видам спорта,1
Полит.ру,1
Национальный фронт,1
20 minuten,1
ВДНХ,1
Финам,1
LensaIndonesia,1
Министерство транспорта США,1
Свежая газета,1
ЛДПР,1
Комитет солдатских матерей Украины,1
Рostimees,1
Рамиль Ахметгалиев,1
Элина Ставиская,1
Госпогранконтроль Белоруссии,1
Авиакомпания «Победа»,1
Министерство иностранных дел Словакии,1
Следственное управление СК РФ по Челябинской области,1
Реал (Мадрид),1
Федеральная резервная система США,1
The Pirate Bay,1
Il secolo XIX,1
Алексей Лобов,1
Guido Fawkes,1
Михаил Аншаков,1
Блокнот,1
bits.blogs.nytimes.com,1
Прокуратура Крыма,1
Джеффри Пайетт,1
События,1
Министерство культуры и туризма Удмуртской республики,1
The Globe and Mail,1
Прокуратура Тульской области,1
Яндекс.Расписания,1
Доктор Питер,1
Новое время,1
International News Safety Institute,1
Казанский репортер,1
Батальон «Азов»,1
«Детройт Ред Уингз»,1
ГУ МВД по Краснодарскому краю,1
Федеральная палата адвокатов РФ,1
МВД Киргизии,1
Книги России,1
ГТРК Оренбург,1
Правительство Москвы,1
УФСИН РФ по Владимирской области,1
FOX 61,1
Федерация спортивной борьбы России,1
Таймырский телеграф,1
Dagens Nyheter,1
Семен Семенченко,1
Народное ополчение Донбасса,1
Ocean Explorer,1
SVT,1
12.mvd.ru,1
Правозащита,1
Ольга Плешакова,1
Василий Недопекин,1
Госкомитет телевидения и радиовещания Украины,1
Минобороны Нидерландов,1
Радио Аззатык,1
Дмитрий Хомак,1
Sanoma,1
Агора,1
Халед Ходжа,1
Всемирная продовольственная программа ООН,1
Chelyabinsk.ru,1
Rheinische Post,1
Политехническая школа Лозанны,1
Network World,1
ReliefWeb,1
Electrek,1
Прокуратура Красноярского края,1
Tesla,1
Nokia,1
The Post and Courier,1
Юлбарс Мансуров,1
Блокнот-Молдова,1
Надежда Толоконникова,1
www.transparency.org,1
Кавказская политика,1
Вениамин Кондратьев,1
За рулем,1
Sakhalin.Info,1
Альянс независимых региональных издателей,1
BNS,1
The New Republic,1
Натали Турс,1
Go Rail,1
Министерство сельского хозяйства РФ,1
Виктор Шендерович,1
Гражданский форум,1
«Народный контроль»,1
Walt Disney,1
Европейский университет в Санкт-Петербурге,1
Юрий Витренко,1
Финмаркет,1
Андрей Пивоваров,1
ГУ МЧС России по ЯНАО,1
Крымская правозащитная группа,1
Сергей Пахомов,1
Брянская улица,1
Уралкалий,1
Госагентство Украины по вопросам кино,1
Académie Goncourt,1
Berliner Zeitung,1
Дима Тихонов,1
Fardanews,1
Cassini,1
Institute for the Study of War,1
Radio Free Asia,1
Игорь Каляпин,1
Мария Левинская,1
Siasat Daily,1
Times of Malta,1
Агентство социальной информации,1
gorod48.ru,1
ICE,1
ГТРК «Амур»,1
ВАДА,1
Государственный Русский Драматический театр Удмуртии,1
uk.finance.yahoo.com,1
Википедия,1
Тверьгорэлектро,1
«Хранители Наследия»,1
Каннский кинофестиваль,1
Анатолий Кравченко,1
Владимир Платонов,1
Ксения Собчак,1
Южный федеральный,1
Максим Козуб,1
Росздравнадзор,1
Медиа-Центр,1
Прокуратура Удмуртской республики,1
Министерство спорта РФ,1
Префектура Восточного административного округа Москвы,1
ЮНЕСКО,1
Business Class,1
Хаббл,1
«Миротворец»,1
«Би-Би-Си»,1
House of Representatives,1
Deia,1
Naspers,1
Гаагский арбитражный суд,1
Fightnews,1
TA3,1
Джен Псаки,1
Всероссийское движение валютных ипотечных заемщиков,1
Маргарита Симоньян,1
Владимир Гройсман,1
Эдвард Сноуден,1
De Telegraaf,1
МЧС Воронежской области,1
Донецкая областная государственная администрация,1
Рустави 2,1
Сергей Корзун,1
Олег Навальный,1
Посол Франции в Нигерии,1
Global Voices,1
МОЕ! Online,1
Ассоциация мини-футбола России,1
Георгий Александров,1
Геологическая служба США,1
Министерство инфраструктуры Украины,1
ПроВладимир,1
«Балтика»,1
NHK,1
Human Rights Incubator,1
LIVE Plus,1
Олимпиада-2016,1
Союз кинематографистов РФ,1
webtv.un.org,1
Platts,1
Юрий Луценко,1
Пресс-секретарь НАТО,1
Уральское следственное управление на транспорте СК России,1
Le Matin Dimanche,1
Георгий Логвинский,1
Леонид Клейн,1
Государственная пенитенциарная служба Украины,1
National Geographic,1
Уимблдон,1
Игорь Шевченко,1
Raspberry,1
IsoHunt,1
Шамсаил Саралиев,1
Всемирный фонд дикой природы,1
Министерство иностранных дел Египта,1
Die Presse,1
UK Delegation OSCE,1
1news.az,1
Калой Ахильгов,1
Валерій Чалий,1
The Australian,1
Blick,1
www.rosminzdrav.ru,1
IKEA,1
The Stone Roses,1
Сборная России 2016,1
REGNUM,1
JoongAng Ilbo,1
«Лентач»,1
orenday,1
Кристиан Аманпур,1
Царьград ТВ,1
Radiohead,1
Президент Белоруссии,1
Атлантический совет,1
Варвара Турова,1
Ozap,1
МВД по Республике Северная Осетия,1
ФОМ,1
«Белый счетчик»,1
Mountain View Police,1
blog.wikimedia.org,1
24 Heures,1
Союз журналистов Москвы,1
Институт космических исследований РАН,1
Взгляд-инфо,1
www.airforcetimes.com,1
IAAF,1
Михаил Прохоров,1
Союз MMA России,1
Rudaw,1
Андрей Заякин,1
Международный уголовный суд,1
Константин Добрынин,1
Национальное антикоррупционное бюро Украины,1
Свободная Война,1
Co.Design,1
The Irish Times,1
nba.nbcsports.com,1
Араик Арзуманян,1
Алексей Гончаренко,1
Федерация независимых профсоюзов России,1
Cathay Pacific Airways,1
The Age,1
Черноморнефтегаз,1
Mercer,1
РЖД ТВ,1
Министерство финансов Белоруссии,1
Ульяновск — город новостей,1
AsiaTerra,1
Совет муфтиев России,1
Полиция Западного Йоркшира,1
Офшоры. Вскрытие,1
Сергей Лазарев,1
Прокуратура Белгородской области,1
Совет безопасности РФ,1
ФБК,1
Аль-Масри аль-Яум,1
dagestan.sledcom.ru,1
Critics Circle,1
Рианна,1
rzn.info,1
CNN Turk,1
Romania Insider,1
EUCOM,1
RTE,1
Arcinfo,1
Обозреватель,1
Harvard Law School,1
Luke Harding,1
Воркутауголь,1
Королевский технический институт,1
Екатерина Боброва,1
France Bleu,1
МВД Финляндии,1
Вечерняя Казань,1
«Иркутск Онлайн»,1
Президент Абхазии,1
Dow Jones,1
Les Echos,1
Ленинградская АЭС,1
Юга.ру,1
Сибдепо,1
by24.org,1
Сегодня.Ua,1
Tannhauser Novosibirsk,1
abnews.ru,1
Nana 10,1
Лаборатория Касперского,1
Arsen Avakov,1
Life & Style Magazine,1
Антон Наумлюк,1
ФСКН,1
Павел Климкин,1
Новосибирское отделение партии «Яблоко»,1
Всеукраинское объединение «Свобода»,1
karelia.sledcom.ru,1
russia.tv,1
Золотая малина,1
Radio Times,1
Economica,1
Clinton Foundation,1
Комсомольская правда — Молдавия,1
SB Nation,1
Дмитрий Глуховский,1
Тимур Олевский,1
РосКомСвобода,1
ФСИН,1
sled-udmproc.ru,1
arh.mk.ru,1
Посольство России в Эстонии,1
НПО автоматики,1
Прокуратура республики Саха (Якутия),1
Виктория Нарахса,1
Мария Захарова,1
Skype,1
beta.finance.yahoo.com,1
Journal de L’île de la Réunion,1
Георгий Лобушкин,1
Саратовинформ,1
nobelpeaceprize.org,1
Press TV,1
Алексей Павловский,1
Максим Резник,1
Егор Просвирнин,1
Onet,1
Taiwan News,1
Управление МВД России по Костромской области,1
Элтон Джон,1
Государственный архив,1
Rolland Garros,1
Элон Маск,1
Artur Karatai,1
Прокуратура Татарстана,1
SpaceX,1
За права человека,1
http://s3.amazonaws.com,1
Прокуратура Орловской области,1
Европейский банк реконструкции и развития,1
Папа римский,1
Computer World,1
Яндекс.Пробки,1
Arminfo,1
www.yandex.ru,1
Jason Scott,1
České noviny,1
Primamedia,1
Евгений Кафельников,1
The Dallas Morning News,1
Пхенчхан-2018,1
AC Roma,1
Уполномоченный по правам человека в Казахстане,1
Univision,1
Самарская епархия РПЦ,1
www.thelancet.com,1
Mark Nottingham,1
Афиша Воздух,1
Живая память,1
The Citizen Lab,1
SNCTA,1
Высшая школа экономики,1
The Times of Israel,1
Европейская правда,1
Герман Князев,1
Елизавета Осетинская,1
Новая газета Кубани,1
ИКАО,1
Русский ПЕН-центр,1
Альфа-банк,1
National Post,1
Новости-Армения,1
illustrators.ru,1
ЦЕРН,1
Nikkei,1
MTV,1
American Library Association,1
Джек Дорси,1
Журнал Евросоюза,1
Ника,1
Giornalettismo,1
Министерство обороны России,1
Нефтегазовый комплекс Туркменистана,1
4chan,1
theintercept.com,1
Новости Донбасса,1
Европейское командование вооруженных сил США,1
Beta,1
Псковская губерния,1
www.pulitzer.org,1
amur.sledcom.ru,1
www.gazprom.ru,1
www.presedinte.md,1
Open Cinema,1
НТВ+,1
Открытая библиотека,1
Gulf News,1
Survation,1
Состав,1
Buenos Aires Herald,1
Министерство энергетики,1
АКИpress,1
Правда ПФО,1
Дмитрий Семенов,1
Максим Соколов,1
Oculus VR,1
www.copa-cogeca.be,1
Самара.ру,1
Boston Herald,1
www.wpbf.com,1
Иван Охлобыстин,1
Посольство США в Таджикистане,1
ФИДЕ,1
www.unhcr.org,1
Al-Ahram,1
Музей кино,1
Национальный совет по телевидению и радиовещанию Украины,1
Улпресса,1
Мария Шарапова,1
Bayerischer Rundfunk,1
www.freep.com,1
Это Кавказ,1
Tor Project,1
Международный союз велосипедистов,1
Smithsonian,1
Simple Express,1
Всемирная туристская организация ООН,1
Tribuna.com,1
Anna Netrebko,1
ЗакС.ру,1
Фенербахче,1
9 to 5 Google,1
Telenor Group,1
РАО,1
Законодательное собрание Краснодарского края,1
ZN.UA,1
Разман Кадыров,1
Объединенная приборостроительная корпорация,1
IRNA,1
Google Россия,1
MediaLeaks,1
The Cairo Post,1
Винзавод,1
Глава Ингушетии,1
Окружной административный суд Киева,1
Молодежный чемпионат мира по хоккею,1
SIPRI,1
Анонимный интернационал,1
www.crisisgroup.org,1
Министерство энергетики и угольной промышленности Украины,1
Первый армянский информационный,1
News29.ru,1
Авиньонский фестиваль,1
The Chosun Ilbo,1
Александр Кобринский,1
Курсор,1
riamo.ru,1
Министерство юстиции Крыма,1
Глухих.net,1
Вечерний Ургант,1
Антон Геращенко,1
Улновости,1
47 news,1
Артемий Лебедев,1
Генпрокуратура Литвы,1
Национальная ассоциация адвокатов Украины,1
ГУ МЧС по Чечне,1
www.mod.gov.az,1
Институт социального анализа и прогнозирования РАНХиГС,1
securelist.ru,1
minfin.ru,1
Queensland University of Technology,1
ABC.es,1
65.mvd.ru,1
ФБР,1
The Avionist,1
WBALTV,1
Vogue,1
www.metallurg-nk.ru,1
The Economic Times,1
www.egyptair.com,1
Национальная женская хоккейная лига,1
The Record,1
Metro,1
foxbaltimore.com,1
Thomson Reuters,1
Саркис Дарбинян,1
Прайм Крайм,1
Правительство Оренбургской области,1
IndieGoGo,1
E:\music\,1
УФАС по республике Дагестан,1
УМВД по Приморскому краю,1
Олег Козловский,1
Sky News Australia,1
ABC 33/40,1
www.grozny-inform.ru,1
Newslab.ru,1
Нафтогаз Украины,1
Arzamas,1
ИА «Авеста»,1
ГОРДОН,1
www.comnews.ru,1
Денис Стяжкин,1
Ассоциация по защите авторских прав в интернете,1
Манчестер Сити,1
Московская Хельсинкская группа,1
Рождение российских СМИ,1
Reddit,1
Думская,1
Администрация Приморского края,1
Управление на транспорте МВД России по Центральному федеральному округу,1
Новосибирские новости,1
Тверская служба новостей,1
Экспобанк,1
Paris Match,1
The Pritzker Architecture Prize,1
Falkvinge,1
ntvplus.ru,1
Вадим Ампелонский,1
Форум.мск,1
Vademecum,1
Челябинск Сегодня,1
Российско-турецкий научный центр,1
Собеседник,1
Филипп Киреев,1
The Copenhagen Post,1
73online.ru,1
Stockmann Group,1
МВД Таджикистана,1
Театр,1
Массачусетский технологический институт,1
Comic Book,1
Эксперт,1
Министерство финансов Украины,1
Департамент Москвы по конкурентной политике,1
ОНФ,1
35 мм,1
Dogan,1
Генеральная прокуратура Нидерландов,1
МФТИ,1
Голос Украины,1
Афиша,1
youtube-global.blogspot.com,1
Football Italia,1
Правительство Омской области,1
Международный республиканский институт,1
Daily Pakistan,1
Блокнот Воронеж,1
Opera,1
Концертное агентство «Провинция»,1
Orbital Sciences,1
Андрей Бабушкин,1
Ubisoft,1
Следственное управление СК РФ по Белгородской области,1
Люк Бессон,1
Powerball,1
Правительство Магаданской области,1
Yeni Safak,1
СБУ Украины,1
The Wilmette Beacon,1
Пенза-Пресс,1
Sarah Brightman,1
Горсовет Мариуполя,1
Цайг,1
Corpus,1
Квалификационная коллегия судей Саратовской области,1
Bulletin of Atomic Scientists,1
Večernje novosti,1
Apple,1
Уполномоченный по правам человека в России,1
www.svaboda.org,1
vesti-kalmykia.ru,1
1984.live,1
intex-press.by,1
NEWSru.com,1
Motherboard,1
Комиссия по ценным бумагам,1
Прокуратура Воронежской области,1
Префектура полиции Парижа,1
Deutsches Musikinformationszentrum,1
«Урядовый курьер»,1
НСПК,1
Антон Цветков,1
www.flightradar24.com,1
Конфедерация труда России,1
Алла Шендерова,1
Геннадий Москаль,1
Администрация Краснодарского края,1
Крымский гарнизонный военный суд,1
Роструд,1
Cannibal Corpse,1
Всеволод Чагаев,1
Royal Belgian Football Association,1
Джон Маккейн,1
u24.ru,1
Прокуратура Томской области,1
Эрмитаж,1
Le Temps (Швейцария),1
Чемпионат мира АСМ ICPC,1
Electrabel,1
Thanh Nien Daily,1
Бесогон TV,1
Народный собор,1
Bitcoin security,1
Лента.ру,1
Defense News,1
Прокуратура Вологодской области,1
51.mchs.gov.ru,1
Металлинвестбанк,1
Vivaldi,1
Судебные и нормативные акты РФ,1
Ikea Family Live,1
www.al.com,1
Совет национальной безопасности США,1
ArtReview,1
Следственное управление СК РФ по Тульской области,1
Посольство России в Латвии,1
Amazon,1
Egyptian Streets,1
Интерфакс-Азербайджан,1
Channel 7,1
World Airline Awards,1
www.oe24.at,1
The Moscow Times,1
Правительство Московской области,1
Tanea,1
УМЧС по Дагестану,1
Владимир Кличко,1
bnonews.com,1
Observador,1
www.nbcbayarea.com,1
VSЁ42,1
Факты и комментарии,1
ScienceAdvances,1
United States House of Representatives,1
WinBeta,1
RapidShare,1
56.mchs.gov.ru,1
Great Fire,1
WSJ Live,1
Следственное управления СК РФ по Санкт-Петербургу,1
Севастопольские новости,1
Рефат Чубаров,1
gost.ru,1
The Brussels Times,1
МФК,1
Гудок,1
Приволжское следственное управление на транспорте СК РФ,1
Discovery,1
ВГБИЛ,1
Женская теннисная ассоциация,1
Future of Life Institute,1
Международная Букеровская премия,1
Дмитрий Некрасов,1
IHS Jane’s 360,1
GitHub,1
Управление СК по Северной Осетии,1
Даунсайд Ап,1
Федор Горожанко,1
www.ajc.com,1
Мэрилендский университет,1
Прокуратура Запорожской области,1
Марат Гельман,1
УМВД России по Хабаровскому краю,1
Stars and Stripes,1
Dagbladet,1
Партия Прогресса,1
Infinity Concert,1
Google Europe,1
IGN,1
WFAA,1
www.commerce.senate.gov,1
Тульская служба новостей,1
Республика,1
Государственный департамент США,1
Фаланстер,1
VentureBeat,1
India Today,1
Нафтогаз,1
Foo Fighters,1
Даниил Туровский,1
Neue Zurcher Zeitung,1
AP,1
www.610cktb.com,1
Новая газета — Рязань,1
City A.M.,1
Прокуратура Ульяновской области,1
Новороссия TV,1
Screen Daily,1
www.vimpelcom.com,1
Сборная России по футболу,1
Смоленская народная газета,1
MBC,1
sledcom.ru,1
«Эмми»,1
7x7,1
FlashNord,1
Издательство «Дрофа»,1
Федерация бобслея России,1
Attitude,1
www.ecb.europa.eu,1
Министерство образования и науки Украины,1
ABC News,1
China Times,1
www.euronews.com,1
Наталья Самойленко,1
Юрий Бирюков,1
Rhein Zeitung,1
MacArthur Foundation,1
Bedford + Bowery,1
LKML.ORG,1
www.msn.com,1
Движение в защиту прав избирателей «Голос»,1
Bankir,1
Райффайзенбанк,1
Natalya Yemchenko,1
Nike,1
Парламент Чеченской республики,1
Aftonbladet,1
HispanTV,1
